{
  "train_losses": [
    2.2487822771072388,
    2.4021970331668854,
    1.171877384185791,
    1.0516154766082764,
    1.9924030900001526,
    1.0940218269824982,
    1.4612504243850708,
    0.8870314955711365,
    1.06576469540596,
    0.9507215619087219,
    1.1297312378883362,
    0.8763156533241272,
    0.8490045070648193,
    0.8774612545967102,
    1.4797514081001282,
    0.6176416873931885,
    2.095710039138794,
    1.3668073415756226,
    0.7999120354652405,
    1.4882808029651642,
    1.2121431231498718
  ],
  "train_accuracies": [
    22.22222222222222,
    55.55555555555556,
    11.11111111111111,
    55.55555555555556,
    33.333333333333336,
    44.44444444444444,
    22.22222222222222,
    44.44444444444444,
    33.333333333333336,
    22.22222222222222,
    33.333333333333336,
    22.22222222222222,
    33.333333333333336,
    44.44444444444444,
    33.333333333333336,
    55.55555555555556,
    22.22222222222222,
    22.22222222222222,
    66.66666666666667,
    33.333333333333336,
    44.44444444444444
  ],
  "val_losses": [
    1.2789961099624634,
    0.8782868385314941,
    1.4860930442810059,
    1.8716239929199219,
    1.6120892763137817,
    1.3206762075424194,
    1.142844557762146,
    1.0424383878707886,
    0.9988978505134583,
    0.9847587943077087,
    0.8903130292892456,
    0.9706795811653137,
    1.1276381015777588,
    1.3978607654571533,
    1.45474374294281,
    1.338908076286316,
    1.1853629350662231,
    1.022768497467041,
    0.9549296498298645,
    0.943079948425293,
    0.9766032099723816
  ],
  "val_accuracies": [
    33.333333333333336,
    33.333333333333336,
    33.333333333333336,
    33.333333333333336,
    33.333333333333336,
    33.333333333333336,
    33.333333333333336,
    33.333333333333336,
    33.333333333333336,
    33.333333333333336,
    33.333333333333336,
    33.333333333333336,
    33.333333333333336,
    33.333333333333336,
    33.333333333333336,
    33.333333333333336,
    33.333333333333336,
    33.333333333333336,
    33.333333333333336,
    33.333333333333336,
    33.333333333333336
  ],
  "test_accuracy": 0.3333333333333333
}